{
	"class_name" : "PinholeCameraTrajectory",
	"parameters" : 
	[
		{
			"class_name" : "PinholeCameraParameters",
			"extrinsic" : 
			[
				1.0,
				-0.0,
				-0.0,
				100000.0,
				0.0,
				-1.0,
				-0.0,
				100000.0,
				0.0,
				-0.0,
				-1.0,
				100000.0,
				-0.0,
				0.0,
				0.0,
				1.0
			],
			"intrinsic" : 
			{
				"height" : 1061,
				"intrinsic_matrix" : 
				[
					530.50000000000011,
					0.0,
					0.0,
					0.0,
					530.50000000000011,
					0.0,
					959.5,
					530.0,
					1.0
				],
				"width" : 1920
			},
			"version_major" : 1,
			"version_minor" : 0
		}
	],
	"version_major" : 1,
	"version_minor" : 0
}